RecAreaName,GEOJSON,GEOJSON.COORDINATES,GEOJSON.TYPE,Keywords,LastUpdatedDate,OrgRecAreaID,RecAreaDescription,RecAreaDirections,RecAreaEmail,RecAreaFeeDescription,RecAreaID,RecAreaLatitude,RecAreaLongitude,RecAreaMapURL,RecAreaPhone,RecAreaReservationURL,StayLimit,RecAreaName
Acadia National Park,"{'TYPE': 'Point', 'COORDINATES': [-68.2598657906, 44.374358654]}",,,,2016-10-11,,"People have been drawn to the rugged coast of Maine throughout history. Awed by its beauty and diversity, early 20th-century visionaries donated the land that became Acadia National Park. The park is home to many plants and animals, and the tallest mountain on the U.S. Atlantic coast. Today visitors come to Acadia to hike granite peaks, bike historic carriage roads, or relax and enjoy the scenery.","From Boston take I-95 north to Augusta, Maine, then Route 3 east to Ellsworth, and on to Mount Desert Island. For an alternate route, continue on I-95 north to Bangor, Maine, then take Route 1A east to Ellsworth. In Ellsworth, take Route 3 to Mount Desert Island. 

http://www.nps.gov/acad/planyourvisit/directions.htm",acadia_information@nps.gov,,2554,44.374358654,-68.2598657906,http://www.nps.gov/acad/planyourvisit/maps.htm,(207) 288 3338,,,Acadia National Park
Arches National Park,,,,,2016-10-11,,"Visit Arches and discover a landscape of contrasting colors, landforms and textures unlike any other in the world. The park has over 2,000 natural stone arches, in addition to hundreds of soaring pinnacles, massive fins and giant balanced rocks. This red rock wonderland will amaze you with its formations, refresh you with its trails, and inspire you with its sunsets.","Arches National Park is located in southeast Utah:
    5 miles north of Moab, Utah
    110 miles southwest of Grand Junction, Colorado
    160 miles northwest of Durango, Colorado
    236 miles south of Salt Lake City, Utah
    360 miles southwest of Denver, Colorado

Travel by Plane
Commercial airlines serve Grand Junction, Durango, Moab and Salt Lake City.

Travel by Bus
Nationwide bus service is available to Green River, Utah (50 miles from Moab) and Grand Junction.

Travel by Train
Amtrak stops at Grand Junction and Green River.

Shuttles & Taxis
Commercial van services and taxis operate between Grand Junction, Moab and other destinations.For additional information on transportation options in and around Moab, contact the Grand County Travel Council.

Getting Around the Park
Most visits to Arches involve traveling by personal vehicle along the scenic drive, which provides access to many viewpoints and trailheads. The park does not provide a shuttle bus service.",archinfo@nps.gov,,2573,38.7331,-109.5925,http://www.nps.gov,,,,Arches National Park
Badlands National Park,"{'TYPE': 'Point', 'COORDINATES': [-101.942207739, 43.7489325553]}",,,,2016-10-11,,"The rugged beauty of the Badlands draws visitors from around the world. These striking geologic deposits contain one of the world's richest fossil beds. Ancient mammals such as the rhino, horse, and saber-toothed cat once roamed here. The park's 244,000 acres protect an expanse of mixed-grass prairie where bison, bighorn sheep, prairie dogs, and black-footed ferrets live today.",,badl_information@nps.gov,,2578,43.7489325553,-101.942207739,http://www.nps.gov/badl/planyourvisit/maps.htm,,,,Badlands National Park
Big Bend National Park,"{'TYPE': 'Point', 'COORDINATES': [-103.207245469, 29.3290000409]}",,,,2016-10-11,,"There is a place in Far West Texas where night skies are dark as coal and rivers carve temple-like canyons in ancient limestone. Here, at the end of the road, hundreds of bird species take refuge in a solitary mountain range surrounded by weather-beaten desert. Tenacious cactus bloom in sublime southwestern sun, and diversity of species is the best in the country. This magical place is Big Bend.","Several Texas highways lead to Big Bend National Park: If traveling south from Alpine, TX, follow TX 118 through Study Butte, TX where the highway enters the park through Maverick Entrance Station. Park headquarters is 23 miles from this west entrance. If traveling from the west, follow Texas FM 170 from Presidio, TX to Study Butte, TX, then turn right on TX 118 to enter the park through the west entrance. If traveling from the east, take US 385 south from Marathon, TX which enters the park through the north entrance at Persimmon Gap. Persimmon Gap is 26 miles from park headquarters.",bibe_info@nps.gov,,2584,29.3290000409,-103.207245469,http://www.nps.gov/bibe/planyourvisit/maps.htm,(432) 477 2251,,,Big Bend National Park
Biscayne National Park,"{'TYPE': 'Point', 'COORDINATES': [-80.2179336548, 25.4829769135]}",,,,2016-10-11,,"Within sight of downtown Miami, yet worlds away, Biscayne protects a rare combination of aquamarine waters, emerald islands, and fish-bejeweled coral reefs. Here too is evidence of 10,000 years of human history, from pirates and shipwrecks to pineapple farmers and presidents. Outdoors enthusiasts can boat, snorkel, camp, watch wildlife...or simply relax in a rocking chair gazing out over the bay.","<p>Physical Address<br />
9700 SW 328 Street<br />
Homestead, Florida 33033</p>
<p>From the North <br />
Convoy Point can be reached from either the Florida Turnpike or from US-1.<br />
• From the Florida Turnpike: Take the Florida Turnpike south, to Exit 6 (Speedway Blvd.). Turn left from exit ramp and continue south to S.W. 328th Street (North Canal Drive). Turn left and continue to the end of the road. It is approximately five miles, and the entrance is on the left.<br />
• From US-1: Drive south to Homestead. Turn left on SW 328th Street (North Canal Drive), and continue to the end of the road. It is approximately nine miles, and the entrance is on the left.<br />
From the South<br />
Traveling on US-1 (Overseas Highway), drive north to Homestead. Turn right on SW 328th Street (North Canal Drive — first light after Florida Turnpike entrance), and continue to the end of the road. The entrance is approximately nine miles on the left.<br />
 </p>",bisc_information@nps.gov,,2588,25.4829769135,-80.2179336548,http://www.nps.gov/bisc/planyourvisit/maps.htm,,,,Biscayne National Park
Black Canyon Of The Gunnison National Park,,,,,2016-10-11,,"Big enough to be overwhelming, still intimate enough to feel the pulse of time, Black Canyon of the Gunnison exposes you to some of the steepest cliffs, oldest rock, and craggiest spires in North America. With two million years to work, the Gunnison River, along with the forces of weathering, has sculpted this vertical wilderness of rock, water, and sky.","<p>Black Canyon of the Gunnison National Park is located approximately 250 miles southwest of Denver.</p>
<p>South Rim: 15 miles east of Montrose, via U.S. Highway 50 and CO Highway 347<br />
North Rim: 11 miles south of Crawford, via CO Highway 92 and North Rim Road (unpaved)</p>
<p>There is no bridge between the north and south rims of the canyon. Allow two to three hours to drive from one side to the other.</p>
<p>PUBLIC TRANSPORTATION <br />
By bus: To Montrose or Grand Junction<br />
By train: To Grand Junction<br />
There is no public transportation within the park.</p>
<p>PLANE<br />
Commercial airline service is available to Montrose, Gunnison and Grand Junction.</p>
<p> </p>",CURE_Info@nps.gov,,2592,38.5754,-107.7416,http://www.nps.gov/blca/planyourvisit/maps.htm,(970) 641 2337,,,Black Canyon Of The Gunnison National Park
Bryce Canyon National Park,"{'TYPE': 'Point', 'COORDINATES': [-112.169951499, 37.6392057538]}",,,,2016-10-11,,"There is no place like Bryce Canyon. Hoodoos (odd-shaped pillars of rock left standing from the forces of erosion) can be found on every continent, but here is the largest collection of hoodoos in the world! Descriptions fail. Cave without a roof? Forest of stone? Photographs do not do it justice. An imagination of wonder will serve you when visiting Bryce Canyon National Park.",http://www.nps.gov/brca/planyourvisit/directions.htm,brca_information@nps.gov,,2599,37.6392057538,-112.169951499,http://www.nps.gov/brca/planyourvisit/maps.htm,,,,Bryce Canyon National Park
Canyonlands National Park,,"[-109.856624603, 38.3121026863]",Point,,2016-10-11,,"Canyonlands invites you to explore a wilderness of countless canyons and fantastically formed buttes carved by the Colorado River and its tributaries. Rivers divide the park into four districts: the Island in the Sky, the Needles, the Maze, and the rivers themselves. These areas share a primitive desert atmosphere, but each offers different opportunities for sightseeing and adventure.","Car
There are two paved entrances into Canyonlands: Highway 313 leads to the Island in the Sky, while Highway 211 leads to the Needles. Roads to the Maze are a mixture of graded dirt and 4WD and may become impassable when wet.

Plane
Commercial airlines serve Grand Junction, CO and Salt Lake City, UT. By car, these cities are at least 2 and 4 hours (respectively) away from the closest park entrance (Island in the Sky). Commercial air service is also available between Denver and Moab.

Bus
Greyhound travels along Interstate 70, making stops at Grand Junction, CO and Green River, UT. Commercial vans/shuttles operate between Moab and Salt Lake City as well as Grand Junction.

Train
Amtrak stops at Grand Junction, CO and Green River, UT. Commercial van services operate between Grand Junction and Moab.

Public Transportation
There is no public transportation to Canyonlands.",canyinfo@nps.gov,,2616,38.3121026863,-109.856624603,http://www.nps.gov/cany/planyourvisit/maps.htm,,,,Canyonlands National Park
Capitol Reef National Park,,"[-111.261219024, 38.2906477893]",Point,,2016-10-11,,"Located in south-central Utah in the heart of red rock country, Capitol Reef National Park is a hidden treasure filled with cliffs, canyons, domes and bridges in the Waterpocket Fold, a geologic monocline (a wrinkle on the earth) extending almost 100 miles.","<p>Directions to Capitol Reef National Park</p>
<p>Traveling westbound on Interstate 70: Take Utah State Highway 24 west towards Hanksville (exit 149). Stay on Highway 24 for 95 miles to reach the park Visitor Center.</p>
<p>Traveling on Interstate 15: Take US Highway 50 east at Scipio (exit 188) towards Salina for 30 miles. At the junction with Utah State Highway 89/259, turn right (south) and travel 8 miles. Turn left (east) onto Utah State Highway 24 towards Sigurd. Continue on Highway 24 for 82 miles to reach the park Visitor Center.<br />
 </p>",CARE_Interpretation@nps.gov,,2617,38.2906477893,-111.261219024,http://www.nps.gov,(435) 425 3791,,,Capitol Reef National Park
Carlsbad Caverns National Park,,,,,2016-10-11,,"High ancient sea ledges, deep rocky canyons, flowering cactus and desert wildlife - treasures above the ground in the Chihuahuan Desert. Hidden beneath the surface are more than 119 known caves - all formed when sulfuric acid dissolved the surrounding limestone leaving behind caverns of all sizes.


**Check out our new ""Park Ranger Blog"" feature! Learn all about the park from a ranger's viewpoint.",,cave_park_information@nps.gov,,2622,32.1479,-104.5567,http://www.nps.gov/cave/planyourvisit/maps.htm,(575) 785 2232,,,Carlsbad Caverns National Park
Channel Islands National Park,,"[-119.26687, 34.2480594]",Point,,2016-10-11,,"Channel Islands National Park encompasses five remarkable islands and their ocean environment, preserving and protecting a wealth of natural and cultural resources. Isolation over thousands of years has created unique animals, plants, and archeological resources found nowhere else on Earth and helped preserve a place where visitors can experience coastal southern California as it once was.","Directions
http://www.nps.gov/chis/planyourvisit/directions.htm
While the mainland visitor centers in Ventura and Santa Barbara are readily accessible by car or public transportation, the islands are only accessible by park concessionaire boats and planes or private boat. Advanced planning is highly recommended.
The Robert J. Lagomarsino Visitor Center at Channel Islands National Park
1901 Spinnaker Drive
Ventura, CA 93001
(805) 658-5730
The visitor center is located in the Ventura Harbor in Ventura, California. Ventura is located 70 miles north of Los Angeles and 30 miles south of Santa Barbara. Plane, train, and bus service are all available to Los Angeles and Santa Barbara. Only train, bus, and private car transportation are available from Los Angeles and Santa Barbara to Ventura.
Fees
http://www.nps.gov/chis/planyourvisit/feesandreservations.htm
There are no entrance fees to visit the park.",chis_information@nps.gov,,2631,34.2480594,-119.26687,http://www.nps.gov/chis/planyourvisit/maps.htm,(805) 658 5730,,,Channel Islands National Park
Congaree National Park,,"[-80.7971115112, 33.9066505432]",Point,,2016-10-11,,"Astonishing biodiversity exists in Congaree National Park, the largest intact expanse of old growth bottomland hardwood forest remaining in the southeastern United States.   Waters from the Congaree and Wateree Rivers sweep through the floodplain, carrying nutrients and sediments that nourish and rejuvenate this ecosystem and support the growth of national and state champion trees.",,cong_information@nps.gov,,2644,33.9066505432,-80.7971115112,http://www.nps.gov/cong/planyourvisit/maps.htm,,,,Congaree National Park
Crater Lake National Park,,"[-122.13429451, 42.8966964816]",Point,,2016-10-11,,"Crater Lake inspires awe. Native Americans witnessed it form 7,700 years ago, when a violent eruption triggered the collapse of a towering volcano. Scientists marvel at its purity: fed by rain and snow, it's the deepest lake in the USA and perhaps the most pristine on earth. Artists, photographers, and sightseers stand in wonder at its blue water and stunning setting. Come visit, and be amazed!",,craterlake@nps.gov,,2647,42.8966964816,-122.13429451,http://www.nps.gov/crla/planyourvisit/maps.htm,(541) 594 3000,,,Crater Lake National Park
Cuyahoga Valley National Park,,"[-81.558754, 41.263092]",Point,,2016-10-11,,"Though a short distance from the urban areas of Cleveland and Akron, Cuyahoga Valley National Park seems worlds away. The park is a refuge for native plants and wildlife, and provides routes of discovery for visitors. The winding Cuyahoga River gives way to deep forests, rolling hills, and open farmlands. Walk or ride the Towpath Trail to follow the historic route of the Ohio & Erie Canal.","<p>The park is located in northeastern Ohio between the cities of Cleveland and Akron.</p>
<p>By Plane:<br />
Cleveland Hopkins International Airport (15 miles) and Akron-Canton Regional Airport (20 miles) offer many daily flights to the area.</p>
<p>By Car:<br />
Cuyahoga Valley National Park can be accessed by many different highways, including I-77, I-271, I-80 (Ohio Turnpike), and State Route 8. Park signs are visible from each of these freeways as you get close to the valley. For more details, call (330) 657-2752.</p>
<p>By Bus:<br />
Bus stations are located in downtown Cleveland and Akron.<br />
 </p>",cuva_info@nps.gov,,2652,41.263092,-81.558754,http://www.nps.gov/cuva/planyourvisit/maps.htm,,,,Cuyahoga Valley National Park
Denali National Park & Preserve,,,,,2016-10-11,,"Denali is six million acres of wild land, bisected by one ribbon of road. Travelers along it see the relatively low-elevation taiga forest give way to high alpine tundra and snowy mountains, culminating in North America's tallest peak, 20,310' Denali. Wild animals large and small roam un-fenced lands, living as they have for ages. Solitude, tranquility and wilderness await.",You can reach Denali from Anchorage or Fairbanks via Alaska State Highway 3. Visit http://www.nps.gov/dena/planyourvisit/directions.htm for more details.,denali_info@nps.gov,,2658,63.1148,-151.1926,http://www.nps.gov/dena/planyourvisit/maps.htm,(907) 683 2294,,,Denali National Park & Preserve
Death Valley National Park,"{'TYPE': 'Point', 'COORDINATES': [-116.866666667, 36.4616666667]}",,,,2016-10-11,,"In this below-sea-level basin, steady drought and record summer heat make Death Valley a land of extremes. Yet, each extreme has a striking contrast. Towering peaks are frosted with winter snow. Rare rainstorms bring vast fields of wildflowers. Lush oases harbor tiny fish and refuge for wildlife and humans. Despite its morbid name, a great diversity of life survives in Death Valley.",http://www.nps.gov/deva/planyourvisit/directions.htm,deva_information@nps.gov,,2662,36.4616666667,-116.866666667,http://www.nps.gov/deva/planyourvisit/maps.htm,(760) 786 3200,,,Death Valley National Park
Dry Tortugas National Park,"{'TYPE': 'Point', 'COORDINATES': [-82.9223480225, 24.6295833588]}",,,,2016-10-11,,"Almost 70 miles (113 km) west of Key West lies the remote Dry Tortugas National Park. The 100-square mile park is mostly open water with seven small islands.  Accessible only by boat or seaplane, the park is known the world over as the home of magnificent Fort Jefferson, picturesque blue waters, superlative coral reefs and marine life,   and the vast assortment of bird life that frequent the area.",,DRTO_Information@nps.gov,,2665,24.6295833588,-82.9223480225,http://www.nps.gov/drto/planyourvisit/maps.htm,,,,Dry Tortugas National Park
Everglades National Park,"{'TYPE': 'Point', 'COORDINATES': [-80.9548873901, 25.3716144562]}",,,,2016-10-11,,"Everglades National Park protects an unparalleled landscape that provides important habitat for numerous rare and endangered species like the manatee,  American crocodile, and the elusive Florida panther.

An international treasure as well -  a World Heritage Site, International Biosphere Reserve, a Wetland of International Importance, and a specially protected areas under the Cartagena Treaty.",http://www.nps.gov/ever/planyourvisit/index.htm,EVER_Information@nps.gov,,2677,25.3716144562,-80.9548873901,http://www.nps.gov/ever/planyourvisit/maps.htm,,,,Everglades National Park
Gates Of The Arctic National Park & Preserve,,,,,2016-10-11,,"This vast landscape does not contain any roads or trails. Visitors discover intact ecosystems where people have lived with the land for thousands of years. Wild rivers meander through glacier-carved valleys, caribou migrate along age-old trails, endless summer light fades into aurora-lit night skies of winter. It remains virtually unchanged except by the forces of nature.",,GAAR_Visitor_Information@nps.gov,,2716,67.9204,-153.2753,http://www.nps.gov/gaar/planyourvisit/maps.htm,(907) 692 5494,,,Gates Of The Arctic National Park & Preserve
Glacier National Park,,,,,2016-10-11,,"Come and experience Glacier's pristine forests, alpine meadows, rugged mountains, and spectacular lakes. With over 700 miles of trails, Glacier is a hiker's paradise for adventurous visitors seeking wilderness and solitude. Relive the days of old through historic chalets, lodges, and transportation. Hear the stories of Native Americans. Explore Glacier National Park and discover what awaits you.","<p>Glacier National Park is located in the northwest corner of Montana along the spine of the Rocky Mountains.</p>
<p>By Car<br />
The West Glacier Entrance is accessible from U.S. Highway 2. All three east side entrances (St. Mary, Two Medicine, or Many Glacier) can be reached from Highway 89, then following signage to the respective entrance.</p>
<p>By Plane<br />
Glacier Park International Airport in Kalispell, Montana is 25 miles west of park headquarters in West Glacier, Montana. There are also airports in Great Falls, Montana (between 130 miles to 165 miles east of East Glacier Park, St Mary, Two Medicine and Many Glacier Entrances) and Missoula, Montana (156 miles south of West Glacier).</p>
<p>Car rentals are available at airports. Shuttles are available at the Kalispell airport.</p>
<p>By Train<br />
Amtrak services both East Glacier and West Glacier. Glacier Park Inc., provides a shuttle service at these locations. Please call them at 406-892-2525 for more information.<br />
 </p>",glac_questions@nps.gov,,2725,48.7596,-113.787,http://www.nps.gov/glac/planyourvisit/maps.htm,,,,Glacier National Park
Glacier Bay National Park & Preserve,,"[-136.967208862, 58.819519043]",Point,,2016-10-11,,"Covering 3.3 million acres of rugged mountains, dynamic glaciers, temperate rainforest, wild coastlines and deep sheltered fjords, Glacier Bay National Park is a highlight of Alaska's Inside Passage and part of a 25-million acre World Heritage Site—one of the world's largest international protected areas. From sea to summit, Glacier Bay offers limitless opportunities for adventure and inspiration.","Glacier Bay National Park and Preserve lies west of Juneau, AK and can only be reached by plane or boat. The only road merely connects the small town of Gustavus and its airfield to park headquarters at Bartlett Cove (10 miles). 

Alaska Airlines provides daily jet service from Juneau to Gustavus (about 30 minutes) in the summer season. Year-round scheduled air service to Gustavus is also provided by a variety of small air taxis and charters.

Many visitors arrive in Glacier Bay as passengers on board cruise ships, tour boats, charter boats, and their own private vessels.

The Alaska Marine Highway system now provides regular ferry service to Gustavus. The ferry dock is located in Gustavus, 9 miles from Glacier Bay park headquarters in Bartlett Cove. Check the AMHS website for schedules, times, and rates. If you are planning on bringing a vehicle, please be aware that vehicle based activities may be limited.

For more information, please visit:
http://www.nps.gov/glba/planyourvisit/directions.htm",glba_administration@nps.gov,,2726,58.819519043,-136.967208862,http://www.nps.gov/glba/planyourvisit/maps.htm,,,,Glacier Bay National Park & Preserve
Great Basin National Park,,"[-114.218688965, 39.004588404]",Point,,2016-10-11,,"From the 13,000-foot summit of Wheeler Peak, to the sage-covered foothills, Great Basin National Park is a place to sample the stunning diversity of the larger Great Basin region. Come and partake of the solitude of the wilderness, walk among ancient bristlecone pines, bask in the darkest of night skies, and explore mysterious subterranean passages. There's a whole lot more than just desert here!",http://www.nps.gov/grba/planyourvisit/directions.htm,grba_interpretation@nps.gov,,2732,39.004588404,-114.218688965,http://www.nps.gov/grba/planyourvisit/maps.htm,,,,Great Basin National Park
Grand Canyon National Park,,"[-112.137232572, 36.0567889363]",Point,,2016-10-11,,"Unique combinations of geologic color and erosional forms decorate a canyon that is 277 river miles (446km) long, up to 18 miles (29km) wide, and a mile (1.6km) deep. Grand Canyon overwhelms our senses through its immense size 

All South Rim roads are open. The North Rim is open for the season.",http://www.nps.gov/grca/planyourvisit/directions.htm,grca_information@nps.gov,,2733,36.0567889363,-112.137232572,http://www.nps.gov/grca/planyourvisit/maps.htm,(928) 638 7888,,,Grand Canyon National Park
Great Sand Dunes National Park & Preserve,,"[-105.512001038, 37.7328987122]",Point,,2016-10-11,,"The tallest dunes in North America are the centerpiece in a diverse landscape of grasslands, wetlands, conifer and aspen forests, alpine lakes, and tundra. Experience this diversity through hiking, sand sledding, splashing in Medano Creek, wildlife watching, and more!","http://www.nps.gov/grsa/planyourvisit/directions.htm
To access the main park area, including the Dunes Parking Lot, Visitor Center, and Pinyon Flats Campground, take Highway 150 from the south or County Road 6 from the west. Both are paved highways. DO NOT USE COMPUTER MAPPING PROGRAMS IN THE ROCKY MOUNTAINS FOR HIGHWAY TRAVEL. The most commonly used web and dashboard mapping programs have directed visitors to drive over hiking trails or primitive 4WD roads to reach the park. Numerous visitors have become stranded in snow or stuck at a remote trailhead trying to use GPS to reach the main park area. Use the map shown, or any Colorado highway map.",grsa_interpretation@nps.gov,,2738,37.7328987122,-105.512001038,http://www.nps.gov/grsa/planyourvisit/maps.htm,719-378-6399,,,Great Sand Dunes National Park & Preserve
Great Smoky Mountains National Park,,"[-83.5369169712, 35.6852775067]",Point,,2016-10-11,,"Ridge upon ridge of forest straddles the border between North Carolina and Tennessee in Great Smoky Mountains National Park. World renowned for its diversity of plant and animal life, the beauty of its ancient mountains, and the quality of its remnants of Southern Appalachian mountain culture, this is America's most visited national park.","The park has three main entrances: Cherokee in North Carolina, and Gatlinburg and Townsend in Tennessee. Please visit the park's website at http://www.nps.gov/grsm/planyourvisit/directions.htm for directions to these entrances.",,,2739,35.6852775067,-83.5369169712,http://www.nps.gov/grsm/planyourvisit/maps.htm,,,,Great Smoky Mountains National Park
Guadalupe Mountains National Park,,,,,2016-10-11,,"Guadalupe Mountains National Park is the world's premier example of a fossil reef from the Permian Era.  The park is known for its extensive hiking and backpacking opportunities in one of the nation's most pristine wilderness areas.  Birding, history, and many other opportunities to learn and have fun await visitors in this hidden gem of West Texas.","<p><strong>By Car<br />
</strong>Guadalupe Mountains National Park is located in far West Texas on U.S. Highway 62/180. The driving distance is 110 miles east of El Paso, Texas, or 56 miles southwest of Carlsbad, New Mexico.</p>
<p>Visitors traveling to Dog Canyon, on the park's north side, can access the area via New Mexico State Road 137.</p>
<p><strong>By Plane<br />
</strong>The closest large commercial airline service is El Paso, Texas. Other airlines serve Albuquerque, New Mexico, Lubbock and Midland, Texas and Mesa Airlines offers passenger service between Albuquerque and Carlsbad, New Mexico.</p>
<p><strong>Public Transportation<br />
</strong>There is no public transportation or shuttle service available in the park.</p>",gumo_superintendent@nps.gov,,2744,31.9452,-104.8725,http://www.nps.gov/gumo/planyourvisit/maps.htm,(915) 828 3251,,,Guadalupe Mountains National Park
Haleakalā National Park,,,,,2016-10-11,,"This special place vibrates with stories of ancient and modern Hawaiian culture and protects the bond between the land and its people. The park also cares for endangered species, some of which exist nowhere else. Come visit this special place - renew your spirit amid stark volcanic landscapes and sub-tropical rain forest with an unforgettable hike through the backcountry.",,,,2751,20.7204,-156.1552,http://www.nps.gov/hale/planyourvisit/maps.htm,(808) 572 4400,,,Haleakalā National Park
Hawai'i Volcanoes National Park,,"[-155.327972412, 19.3577289581]",Point,,2016-10-11,,"Volcanoes are monuments to Earth's origin, evidence that its primordial forces are still at work. During a volcanic eruption, we are reminded that our planet is an ever-changing environment whose basic processes are beyond human control. As much as we have altered the face of the Earth to suit our needs, we can only stand in awe before the power of an eruption.",http://www.nps.gov/havo/planyourvisit/directions.htm,HAVO_interpretation@nps.gov,,2753,19.3577289581,-155.327972412,http://www.nps.gov/havo/planyourvisit/maps.htm,(808) 985 6000,,,Hawai'i Volcanoes National Park
Hot Springs National Park,,"[-93.0522232056, 34.5094413757]",Point,,2016-10-11,,"Water. That's what first attracted people, and they have been coming here ever since to use these soothing thermal waters to heal and relax. Rich and poor alike came for the baths, and a thriving city built up around the hot springs. Together nicknamed ""The American Spa,"" Hot Springs National Park today surrounds the north end of the city of Hot Springs, Arkansas. Come discover it for yourself.","http://www.nps.gov/hosp/planyourvisit/directions.htm

Driving Directions

Hot Springs National Park is in downtown Hot Springs; Bathhouse Row is on Central Avenue with the mountains of the park flanking the street. Visitors traveling north-south on I-30 take the Hot Springs US 70 West exit south of Benton, the Hot Springs US 270 West exit at Malvern, or the Hot Springs Ark. 7 North exit near Arkadelphia. Visitors traveling south on Ark. 7 will come through downtown Hot Springs where the visitor center is located. Visitors traveling south on US 71 from Fort Smith, or north on US 71 from Texarkana, take the US 270 East exit and take 270B through town. Visitors coming from Oklahoma on US 70 would take US 70B into Hot Springs. When you get into the city you will see signs for the National Park. The Visitor Center is located downtown on Highway 7 North or Central Avenue.",HOSP_Interpretation@nps.gov,,2760,34.5094413757,-93.0522232056,http://www.nps.gov/hosp/planyourvisit/maps.htm,(501) 624 2701,,,Hot Springs National Park
Isle Royale National Park,,"[-88.7701721191, 48.030620575]",Point,,2016-10-11,,"Explore a rugged, isolated island, far from the sights and sounds of civilization. Surrounded by Lake Superior, Isle Royale offers unparalleled solitude and adventures for backpackers, hikers, boaters, kayakers, canoeists and scuba divers. Here, amid stunning scenic beauty, you'll find opportunities for reflection and discovery, and make memories that last a lifetime.",,ISRO_ParkInfo@nps.gov,,2769,48.030620575,-88.7701721191,http://www.nps.gov/isro/planyourvisit/maps.htm,,,,Isle Royale National Park
Joshua Tree National Park,,"[-116.019618, 34.020558]",Point,,2016-10-11,,"Two distinct desert ecosystems, the Mojave and the Colorado, come together in Joshua Tree National Park. A fascinating variety of plants and animals make their homes in a land sculpted by strong winds and occasional torrents of rain. Dark night skies, a rich cultural history, and surreal geologic features add to the wonder of this vast wilderness in southern California. Come explore for yourself.","Joshua Tree National Park is located about 140 miles east of Los Angeles, 175 miles northeast of San Diego, 215 miles southwest of Las Vegas, Nevada, and 222 miles west of Phoenix, Arizona. You can approach Joshua Tree from Interstate 10 or California Highway 62 (the Twentynine Palms Highway). See http://www.nps.gov/jotr/planyourvisit/directions.htm for more information.

Do not rely on GPS directions to navigate to or within Joshua Tree National Park! Vehicle navigation systems sometimes try to route you onto backcountry roads with ruts or soft sand that may be impassable to your vehicle.",jotr_info@nps.gov,,2782,34.020558,-116.019618,http://www.nps.gov/jotr/planyourvisit/maps.htm,(760) 367 5500,,,Joshua Tree National Park
Katmai National Park & Preserve,,,,,2014-01-27,,"Katmai National Monument was established in 1918 to protect the volcanically devastated region surrounding Mount Katmai and the Valley of Ten Thousand Smokes. Today, Katmai National Park and Preserve remains an active volcanic landscape, but it also protects 9,000 years of human history as well as important habitat for salmon and the thousands of brown bears that feed on them.","Katmai National Park & Preserve is located on the Alaska Peninsula, across the Shelikof Strait from Kodiak Island. Park Headquarters is in King Salmon, about 290 air miles southwest of Anchorage. Several commercial airlines provide daily flights into King Salmon as there is no road access. Brooks Camp, approximately 30 air miles from King Salmon, is a common destination for visitors to the Park. Brooks Camp can only be reached via small float plane or boat.",KATM_Visitor_Information@nps.gov,,2786,58.5975,-154.6937,http://www.nps.gov/katm/planyourvisit/maps.htm,,,,Katmai National Park & Preserve
Kenai Fjords National Park,,"[-150.246566772, 59.7971000671]",Point,,2016-10-11,,"At the edge of the Kenai Peninsula lies a land where the ice age lingers. Nearly 40 glaciers flow from the Harding Icefield, Kenai Fjords' crowning feature. Wildlife thrives in icy waters and lush forests around this vast expanse of ice. Native Alutiiq relied on these resources to nurture a life entwined with the sea. Today, shrinking glaciers bear witness to the effects of our changing climate.","Kenai Fjords National Park is located just outside the town of Seward in south-central Alaska, 126 miles south of Anchorage. Seward is accessible year-round via the Seward Highway, a National Scenic Byway. 

Follow the Seward Highway (AK-1) south from Anchorage. It will become AK-9 around mile 35 (87 miles from Anchorage) with AK-1 heading to Homer and Kenai. Continue on AK-9 to Seward.

- Information Center (summer only): Turn left on S. Harbor Street (mile post 1). Go one block, and turn right on Fourth Street. It will be the second building on the left. 

- Exit Glacier Area / Nature Center / trails / campground (summer only): Turn right on to Herman Leirer Road (mile 3), and proceed 8 miles. The road will end at the parking lot for the nature center.

- Administrative Offices (contact station for winter): Turn left on Washington Street (mile post 0). Continue across Fourth Street, and building will be on right.",kefj_information@nps.gov,,2787,59.7971000671,-150.246566772,http://www.nps.gov/kefj/planyourvisit/maps.htm,(907) 422 0500,,,Kenai Fjords National Park
Kobuk Valley National Park,,"[-159.060638428, 67.3913726807]",Point,,2016-10-11,,"Caribou, sand dunes, the Kobuk River, Onion Portage - just some of the facets of Kobuk Valley National Park. Half a million caribou migrate through, their tracks crisscrossing sculpted dunes. The Kobuk River is an ancient and current path for people and wildlife. For 9000 years, people came to Onion Portage to harvest caribou as they swam the river. Even today, that rich tradition continues.","<p>Kobuk Valley National Park is a remote area. There are no roads that provide access.</p>
<p>Commercial airlines provide service from Anchorage to Kotzebue or Fairbanks to Bettles. Once in Kotzebue or Bettles, you must fly to the park with various air taxi operators. There are scheduled flights to villages and chartered flights to remote park areas. Summer access may include motorized/non-motorized watercraft, aircraft, or by foot. (Note: Traveling by foot in the summer would be an arduous, roundabout journey.) Winter access may include snowmobiles, aircraft or by foot.</p>
<p> </p>",WEAR_webmail@nps.gov,,2795,67.3913726807,-159.060638428,http://www.nps.gov,,,,Kobuk Valley National Park
Lake Clark National Park & Preserve,,"[-154.315093994, 60.1826068796]",Point,,2016-10-11,,"Lake Clark National Park is a land of stunning beauty where volcanoes steam, salmon run, bears forage, craggy mountains reflect in shimmering turquoise lakes, and local people and culture still depend on the land and water of their home.  Solitude is found around every bend in the river and shoulder of a mountain.  Venture into the park to become part of the wilderness.","<p>Air Charter Services<br />
Access to the Lake Clark region is by small aircraft and many air taxi services provide transportation to the park. Float planes may land on the many lakes throughout the area. Wheeled planes land on open beaches, gravel bars, or private airstrips in or near the park. A one to two-hour flight from Anchorage, Kenai or Homer will provide access to most points within the park and preserve.</p>
<p>Car<br />
There is no highway access to the park and preserve.</p>
Visit http://www.nps.gov/lacl/planyourvisit/directions.htm",LACL_visitor_information@nps.gov,,2799,60.1826068796,-154.315093994,http://www.nps.gov/lacl/planyourvisit/maps.htm,(806) 814 9894,,,Lake Clark National Park & Preserve
Lassen Volcanic National Park,,,,,2016-10-11,,"Lassen Volcanic National Park is home to steaming fumaroles, meadows freckled with wildflowers, clear mountain lakes, and numerous volcanoes. Jagged peaks tell the story of its eruptive past while hot water continues to shape the land. Lassen Volcanic offers opportunities to discover the wonder and mysteries of volcanoes and hot water for visitors willing to explore the undiscovered.",,LAVO_information@nps.gov,,2803,40.4977,-121.4207,http://www.nps.gov/lavo/planyourvisit/maps.htm,,,,Lassen Volcanic National Park
Mammoth Cave National Park,,"[-86.0993814468, 37.1871730685]",Point,,2016-10-11,,"Mammoth Cave National Park preserves the cave system and a part of the Green River valley and hilly country of south central Kentucky. This is the world's longest known cave system, with more than 400 miles explored. Early guide Stephen Bishop called the cave a ""grand, gloomy and peculiar place,"" but its vast chambers and complex labyrinths have earned its name - Mammoth.","<p><strong>From the North:</strong> Take Interstate 65 to Exit 53 (Cave City Exit). Turn right onto KY-70. Follow 70/255 as it becomes the Mammoth Cave Parkway in the park. Follow the Mammoth Cave Parkway to the Visitor Center.</p>

<p><strong>From the South:</strong> Take Interstate 65 to Exit 48 (Park City Exit). Turn left onto KY-255 and follow 255 as it becomes the Park City Road into the park. Follow Park City Road until it joins the Mammoth Cave Parkway; turn left. Follow the Mammoth Cave Parkway to the Visitor Center.</p>

<p><strong>Physical Address:</strong>
Mammoth Cave National Park
1 Mammoth Cave Parkway
Mammoth Cave, KY 42259</p>

<p><strong>GPS Coordinates:</strong>
Lat/Long: N 37° 11' 13.115'' ¦ W 86° 06' 05.197''
Decimal Degrees: +37.186976 ¦ -86.101444
UTM (Zone 16N, NAD83): 579779.491 ¦ 4115977.605 m</p>

<p>NOTE: Commercial vehicles are prohibited on the park's roads.</p>",MACA_Information@nps.gov,,2818,37.1871730685,-86.0993814468,http://www.nps.gov/maca/planyourvisit/maps.htm,(270) 758 2180,,,Mammoth Cave National Park
Mesa Verde National Park,,"[-108.410971642, 37.3389974426]",Point,,2016-10-11,,"Mesa Verde, Spanish for green table, offers a spectacular look into the lives of the Ancestral Pueblo people who made it their home for over 700 years, from AD 600 to 1300. Today the park protects nearly 5,000 known archeological sites, including 600 cliff dwellings. These sites are some of the most notable and best preserved in the United States.","Mesa Verde National Park is in Southwestern Colorado. The park entrance and Mesa Verde Visitor and Research Center is on Highway 160 between the towns of Cortez (9 miles) and Mancos (7 miles), Colorado. The first view of a cliff dwelling is 21 miles (about 45 minutes) past the park entrance along a steep, narrow, winding road.

The nearest airports are Cortez, Colorado; Durango, Colorado; and Farmington, New Mexico. The closest bus station is in Durango, Colorado.",meve_general_information@nps.gov,,2824,37.3389974426,-108.410971642,http://www.nps.gov/meve/planyourvisit/maps.htm,970-529-4465,,,Mesa Verde National Park
Mount Rainier National Park,,"[-121.915874481, 46.7407574422]",Point,,2016-10-11,,"Ascending to 14,410 feet above sea level, Mount Rainier stands as an icon in the Washington landscape. An active volcano, Mount Rainier is the most glaciated peak in the contiguous U.S.A., spawning six major rivers. Subalpine wildflower meadows ring the icy volcano while ancient forest cloaks Mount Rainier's lower slopes. Wildlife abounds in the park's ecosystems. A lifetime of discovery awaits.",For detailed directions to Mount Rainier National Park please visit our website at http://www.nps.gov/mora/planyourvisit/directions.htm.,morainfo@nps.gov,,2835,46.7407574422,-121.915874481,http://www.nps.gov/mora/planyourvisit/maps.htm,(360) 569 2211,,,Mount Rainier National Park
North Cascades National Park,,"[-121.467964172, 48.8211250305]",Point,,2016-10-11,,"Less than three hours from Seattle, an alpine landscape beckons. Discover communities of life adapted to moisture in the west and recurring fire in the east. Explore jagged peaks crowned by more than 300 glaciers. Listen to cascading waters in forested valleys. Witness a landscape sensitive to the Earth's changing climate. Help steward the ecological heart of the Cascades.","Primary access to North Cascades National Park and Ross Lake National Recreation Area is from the State Route 20 (SR 20) corridor. Due to avalanche danger, the Washington State Department of Transportation typically closes the roadway between Ross Dam Trailhead and Lone Fir Campground from November to April.

The Silver-Skagit Road to Hozomeen provides the only road access to the Ross Lake shoreline. This 37 mile (60 km) gravel road connects with B.C. Highway 1 (Exit 168) near Hope, British Columbia.

Hiker and climber access to the northern Picket Range and Mount Shuksan is available from State Route 542 (SR 542) east of Bellingham and the Baker Lake Road northwest of Concrete.

Passenger ferry and plane access to Stehekin is available from Chelan on U.S. Route 97.

Hiker access to Stehekin begins at the Cascade Pass trailhead on the gravel Cascade River Road, the southbound Pacific Crest Trail from State Route 20 near the Rainy Pass picnic area, and from trailheads on the Twisp River Road.",noca_interpretation@nps.gov,,2845,48.8211250305,-121.467964172,http://www.nps.gov/noca/planyourvisit/maps.htm,(360) 854 7200,,,North Cascades National Park
Petrified Forest National Park,,"[-109.7818412, 35.0657043]",Point,,2016-10-11,,"Did you know that Petrified Forest is more spectacular than ever? While the park has all the wonders known for a century, there are many new adventures and discoveries to share. There are backcountry hikes into areas never open before such as Red Basin and little known areas like the Martha's Butte. There are new exhibits that bring the stories to life. Come rediscover Petrified Forest!","<p>Coming from the west, take Highway 180 from Holbrook to the South entrance of the park; follow the road through the park and exit on Interstate 40 through the North entrance of the park.</p>
<p>From the east, take exit #311 off Interstate 40 and follow the road through the North entrance, continue south to Highway U.S. 180. Make a right and return to I-40 at Holbrook.</p>",PEFO_Superintendent@nps.gov,,2856,35.0657043,-109.7818412,http://www.nps.gov/pefo/planyourvisit/maps.htm,(928) 524 6228,,,Petrified Forest National Park
Olympic National Park,,"[-123.425014168, 48.0999013782]",Point,,2016-10-11,,"With its incredible range in precipitation and elevation, diversity is the hallmark of Olympic National Park. Encompassing nearly a million acres, the park protects a vast wilderness, thousands of years of human history, and several distinctly different ecosystems, including glacier-capped mountains, old-growth temperate rain forests, and over 70 miles of wild coastline. Come explore!","Traveling by Car

From the greater Seattle area and I-5 corridor, you can reach the park by several different routes:

> Cross Puget Sound on one of the Washington State Ferries. Access U.S. 101 from Port Townsend (State Route 20), Kingston (State Route 104), or Bainbridge Island (State Routes 305 & 104). Be aware that State Route 104 crosses the Hood Canal Bridge which closes periodically for boat traffic.

> From Tacoma (I-5), take State Route 16 to Bremerton; take State Route 3 north from Bremerton to State Route 104; be aware that State Route 104 crosses the Hood Canal Bridge which closes periodically for boat traffic. 

> Access U.S. 101 at Olympia (via I-5) 

> You may also access the park by following U.S. 101 north from Aberdeen, via the Washington/Oregon coast or U.S. 12 west from I-5.

Public Transit

> Clallam Transit System provides service within Port Angeles and commuter services to locations around the northern Olympic Peninsula.",olym_visitor_center@nps.gov,,2881,48.0999013782,-123.425014168,http://www.nps.gov/olym/planyourvisit/maps.htm,,,,Olympic National Park
Pinnacles National Park,,"[-121.155279949, 36.484516114]",Point,,2016-10-11,,"Some 23 million years ago multiple volcanoes erupted, flowed, and slid to form what would become Pinnacles National Park. What remains is a unique landscape. Travelers journey through chaparral, oak woodlands, and canyon bottoms. Hikers enter rare talus caves and emerge to towering rock spires teeming with life: prairie and peregrine falcons, golden eagles, and the inspiring California condor.","No Through Road

When driving to Pinnacles National Park, please keep in mind that there is no road that connects the east and west entrances of the park.  

Getting to the EAST SIDE:
Take Hwy 101 to Hwy 25 south into Hollister, CA. On Hwy 25, go through the town of Hollister and continue about 30 miles to Hwy 146. Turn right on Hwy 146, into Pinnacles National Park. Turn left into the Pinnacles Campground to check in at Pinnacles Visitor Center.  From the campground, the Bear Gulch Area, and most trail heads are 3.5 miles further into the park along Hwy 146.

 
Getting to the WEST SIDE
Take Hwy 101 to the town of Soledad, CA. Turn left onto Front Street and then take a right onto Hwy 146 east. Take care as you're driving through town; the highway takes a few turns. Follow Hwy 146 for 14 miles into Pinnacles National Park.",pinn_visitor_information@nps.gov,,2893,36.484516114,-121.155279949,,(831) 389 4486,,,Pinnacles National Park
Rocky Mountain National Park,,"[-105.562038422, 40.3663213198]",Point,,2016-10-11,,"Rocky Mountain National Park's 415 square miles encompass and protect spectacular mountain environments. Enjoy Trail Ridge Road – which crests over 12,000 feet including many overlooks to experience the subalpine and alpine worlds – along with over 300 miles of hiking trails, wildflowers, wildlife, starry nights, and fun times. In a world of superlatives, Rocky is on top!",For directions to the park visit http://www.nps.gov/romo/planyourvisit/directions.htm,romo_information@nps.gov,,2907,40.3663213198,-105.562038422,http://www.nps.gov/romo/planyourvisit/maps.htm,(970) 586 1206,,,Rocky Mountain National Park
Saguaro National Park,"{'TYPE': 'Point', 'COORDINATES': [-110.7363889, 32.1802778]}",,,,2016-10-11,,"Tucson, Arizona is home to the nation's largest cacti. The giant saguaro is the universal symbol of the American west. These majestic plants, found only in a small portion of the United States, are protected by Saguaro National Park, to the east and west of the modern city of Tucson. Here you have a chance to see these enormous cacti, silhouetted by the beauty of a magnificent desert sunset.","Rincon Mountain District (EAST): 3693 S. Old Spanish Trail, Tucson, Arizona 85730
From Interstate 10 (Primary Route from I-10)
Exit I-10 at exit # 275 (Houghton Road) and drive 9.5 miles (15 kilometers) north to Old Spanish Trail and turn right. Drive 3 miles (5 kilometers) southeast on Old Spanish Trail and the park entrance, which will be on the left side of the road.

Tucson Mountain District (WEST): 2700 N. Kinney Road, Tucson, Arizona 85743
From Interstate 10 (Primary Route from I-10)
If you are traveling eastbound, there is one direction sign at Exit # 242, which is called the Avra Valley Road. Drive 5 miles (8 kilometers) west on Avra Valley Road to Sandario Road (turn left on Sandario Road). Drive 9 miles (14.5 kilometers) south on Sandario Road to Kinney Road (turn left on Kinney Road). The visitor center is 2 miles (3 kilometers) down Kinney Road on the left side of the road. 

For more alternative routes please go to: http://www.nps.gov/sagu/planyourvisit/directions.htm",sagu_information@nps.gov,,2917,32.1802778,-110.7363889,http://www.nps.gov/sagu/planyourvisit/maps.htm,(520) 733 5153,,,Saguaro National Park
Sequoia & Kings Canyon National Parks,"{'TYPE': 'Point', 'COORDINATES': [-118.825595677, 36.4909251522]}",,,,2016-10-11,,"This dramatic landscape testifies to nature's size, beauty, and diversity--huge mountains, rugged foothills, deep canyons, vast caverns, and the world's largest trees. These two parks lie side by side in the southern Sierra Nevada east of the San Joaquin Valley. Weather varies a lot by season and elevation, which ranges from 1,370' to 14,494'. Sequoias grow at 5,000 - 7,000', above usual snowline.","Sequoia and Kings Canyon National Parks are open all year. Enter Sequoia National Park via Hwy. 198 near Three Rivers, CA. Enter Kings Canyon National Park via Hwy. 180 east from Fresno in Grant Grove. The main road between the parks is called the Generals Highway.

Length Advisory for Vehicles Entering/Exiting Sequoia National Park via Generals Highway and Hwy. 198: Follow the recommendations below for your safety and the safety of others.

-Vehicles longer than 22 ft. are not advised between Potwisha Campground and the Giant Forest Museum in Sequoia National Park.
-Vehicles longer than 24 ft. are not advised between the Foothills Visitor Center and Potwisha Campground in Sequoia National Park.

The roads leading to the Giant Forest Sequoia Grove were built in the early 1920s and cannot accommodate longer vehicles.

For more information, visit www.nps.gov/seki or call (24-hours) 559-565-3341.",SEKI_Interpretation@nps.gov,,2931,36.4909251522,-118.825595677,http://www.nps.gov/seki/planyourvisit/maps.htm,,,,Sequoia & Kings Canyon National Parks
Shenandoah National Park,"{'TYPE': 'Point', 'COORDINATES': [-78.4510114789, 38.4900674969]}",,,,2016-10-11,,"Just 75 miles from the bustle of Washington, D.C., Shenandoah National Park is your escape to recreation and re-creation. Cascading waterfalls, spectacular vistas, quiet wooded hollows—take a hike, meander along Skyline Drive, or picnic with the family. 200,000 acres of protected lands are haven to deer, songbirds, the night sky...and you. Plan a Shenandoah escape today!","GPS devices and online mapping services are not reliable in directing you to the park.Shenandoah is 105 miles long with four entrances: Front Royal, Virginia off Route 340; Route 211 east of Luray and west of Sperryville, Virginia; Route 33 east of Elkton and west of Stanardsville, Virginia; and Routes 64 and 250 east of Waynesboro and west of Charlottesville, Virginia.",SHEN_Superintendent@NPS.gov,,2933,38.4900674969,-78.4510114789,http://www.nps.gov/shen/planyourvisit/maps.htm,(540) 999-3500 ,,,Shenandoah National Park
Theodore Roosevelt National Park,"{'TYPE': 'Point', 'COORDINATES': [-103.449996948, 46.9666671753]}",,,,2016-10-11,,"When Theodore Roosevelt came to Dakota Territory to hunt bison in 1883, he was a skinny, young, spectacled dude from New York. He could not have imagined how his adventure in this remote and unfamiliar place would forever alter the course of the nation. The rugged landscape and strenuous life that TR experienced here would help shape a conservation policy that we still benefit from today.","South Unit
The South Unit entrance is in Medora, ND. Medora is accessible via Interstate 94 Exits 24 and 27 in North Dakota. Medora is 133 miles west of Bismarck, ND and 27 miles east of the Montana state line.

The Painted Canyon Visitor Center is located 7 miles east of Medora on I-94 at Exit 32.

North Unit
The North Unit entrance is along U.S. Highway 85, approximately 14 miles south of Watford City, ND and 50 miles north of Belfield, ND. The distance by road from Medora to the North Unit is approximately 70 miles. I-94 travelers can access U.S. Highway 85 at Exit 42 in Belfield, ND.

Elkhorn Ranch Unit
The Elkhorn Ranch Unit is located 35 miles north of Medora. Access to the site is via gravel roads. Approaching the site from the east requires fording the Little Missouri River. Ask a ranger at one of the park visitor centers for information on traveling to the Elkhorn Ranch Site before you attempt the journey. For a map visit http://www.nps.gov/thro/planyourvisit/directions.htm",thro_interpretation@nps.gov,,2949,46.9666671753,-103.449996948,http://www.nps.gov/thro/planyourvisit/maps.htm,(701) 623 4730,,,Theodore Roosevelt National Park
Virgin Islands National Park,"{'TYPE': 'Point', 'COORDINATES': [-64.7557621002, 18.351905146]}",,,,2016-10-11,,"Virgin Islands National Park's hills, valleys and beaches are breathtaking. However, within its 7,000 plus acres on the island of St. John is the complex history of civilizations - both free and enslaved - dating back more than a thousand years, all who utilized the land and the sea for survival.","Ferry service for passengers and vehicles is the only means of getting to and from St. John.
Once on St. John there are no designated entrances to Virgin Islands National Park, although two main routes will provide access to many areas. Route 20 (North Shore Road) runs from the ferry dock past the Visitors Center to the most contiguous part of the Park, including most beaches and the campgrounds as well. Large and small tracts of private lands are found within the authorized boundary of the Park.",VIIS_Superintendent@nps.gov,,2967,18.351905146,-64.7557621002,http://www.nps.gov/viis/planyourvisit/maps.htm,,,,Virgin Islands National Park
Voyageurs National Park,"{'TYPE': 'Point', 'COORDINATES': [-93.1617055088, 48.5843199822]}",,,,2016-10-11,,"Voyageurs National Park lies within the heart of the North American Continent.  Here you can see and touch rocks half as old as the world, experience the life of a voyageur, immerse yourself in the sights and sounds of a boreal forest, view the dark skies, or ply the interconnected water routes.

Leave your car behind and set out on the water highways of the North Woods.","<p><strong>Plane</strong><br />
A small airport is located in International Falls, Minnesota. Taxi service and rental cars are available here.<br />
<br />
Most flights entering the area will pass through the larger Minneapolis-St. Paul airport located around 5 hours south of Voyageurs National Park.<br />
<br />
<strong>Car</strong><br />
Voyageurs National Park is approximately 5 hours north of Minneapolis-St. Paul on I-35 and Hwy 53, 3 hours north of Duluth on Hwy 53, and 4 hours south from Winnipeg, Manitoba.<br />
<strong><br />
Public Transportation<br />
</strong>There is no public transportation to Voyageurs National Park. No bus lines or passenger trains serve this area.<br />
<strong><br />
Boat</strong><br />
Many visitors enter the park by water. There are public launch ramps available at the three park visitor centers on Rainy Lake, Kabetogama Lake, and at the Ash River Visitor Center. Numerous resorts also offer boat access into the park. <br />
 </p>",voya_superintendent@nps.gov,,2970,48.5843199822,-93.1617055088,http://www.nps.gov/voya/planyourvisit/maps.htm,(218) 283 6600,,,Voyageurs National Park
Wind Cave National Park,"{'TYPE': 'Point', 'COORDINATES': [-103.478250504, 43.5557484627]}",,,,2016-10-11,,"Bison, elk, and other wildlife roam the rolling prairie grasslands and forested hillsides of one of America's oldest national parks. Below the remnant island of intact prairie sits Wind Cave, one of the longest and most complex caves in the world. Named for barometric winds at its entrance, this maze of passages is home to boxwork, a unique formation rarely found elsewhere.",,ted_firkins@nps.gov,,2980,43.5557484627,-103.478250504,http://www.nps.gov/wica/planyourvisit/maps.htm,(605) 745 4600,,,Wind Cave National Park
Wrangell - St Elias National Park & Preserve,"{'TYPE': 'Point', 'COORDINATES': [-142.242660522, 61.2079391479]}",,,,2016-10-11,,"Wrangell St. Elias is a vast national park that rises from the ocean all the way up to 18,008 ft. Mount St. Elias. At 13.2 million acres, it's the same size as Yellowstone Nat. Park, Yosemite Nat. Park, and Switzerland combined! Within this wild landscape, people continue to live off the land as they have done for centuries. This is a rugged, beautiful area filled with opportunities for adventure.","From Anchorage: follow Alaska Highway 1 (Glenn Highway) towards Palmer, AK, continue past Palmer to Glennallen, AK about 190 miles. At the intersection of the Glenn Highway and Alaska Highway 4 (Richardson Highway) turn right (south) and continue for 10 miles. The park headquarters and visitor center are on the left.

Kennecott/McCarthy - To reach this area from the headquarters area, turn left or south on the Richardson Highway (AK Hwy 4) and travel about 25 miles to the junction of the Edgerton Highway (AK Hwy 10) and turn left. Travel 33 miles to Chitina. Go through the community of Chitina and cross the Copper River. The road turns to gravel and travel 59 miles to the footbridge across the Kennicott River. 

Slana/Nabesna - To reach this area from the headquarters area, turn right or north on the Richardson Highway (AK Hwy 4) and travel about 35 miles to the junction of the Glenn Highway (AK Hwy 1) also known as the Tok Cutoff and turn right. Travel 75 miles to the turnoff for Slana and turn right.",wrst_tweet@nps.gov,,2986,61.2079391479,-142.242660522,http://www.nps.gov,,,,Wrangell - St Elias National Park & Preserve
Yellowstone National Park,"{'TYPE': 'Point', 'COORDINATES': [-110.691947937, 44.9912101476]}",,,,2016-10-11,,"Visit Yellowstone and experience the world's first national park. Marvel at a volcano's hidden power rising up in colorful hot springs, mudpots, and geysers. Explore mountains, forests, and lakes to watch wildlife and witness the drama of the natural world unfold. Discover the history that led to the conservation of our national treasures ""for the benefit and enjoyment of the people.""","For a location map and detailed directions to Yellowstone's five entrances into the park, please stop by our official website @ http://www.nps.gov/yell/planyourvisit/directions.htm.
The road from the park's North Entrance at Gardiner, MT, through Mammoth Hot Springs and on to Cooke City, MT, outside the park's Northeast Entrance is the only road open all year to automobile traffic.
A map of park destinations is available at http://www.nps.gov/yell/planyourvisit/mapslist.htm.",yell_visitor_services@nps.gov,,2988,44.9912101476,-110.691947937,http://www.nps.gov,(307) 344 2117,,,Yellowstone National Park
Yosemite National Park,"{'TYPE': 'Point', 'COORDINATES': [-119.540840149, 37.8391265869]}",,,,2016-10-11,,"Not just a great valley, but a shrine to human foresight, the strength of granite, the power of glaciers, the persistence of life, and the tranquility of the High Sierra.

First protected in 1864, Yosemite National Park is best known for its waterfalls, but within its nearly 1,200 square miles, you can find deep valleys, grand meadows, ancient giant sequoias, a vast wilderness area, and much more.","<a href=""http://www.nps.gov/yose/planyourvisit/directions.htm"">How to get to Yosemite</a>.",,,2991,37.8391265869,-119.540840149,http://www.nps.gov/yose/planyourvisit/maps.htm,(209) 372 0200,,,Yosemite National Park
Zion National Park,"{'TYPE': 'Point', 'COORDINATES': [-112.988339067, 37.2020727396]}",,,,2016-10-11,,"Follow the paths where ancient native people and pioneers walked. Gaze up at massive sandstone cliffs of cream, pink, and red that soar into a brilliant blue sky. Experience wilderness in a narrow slot canyon. Zion's unique array of plants and animals will enchant you as you absorb the rich history of the past and enjoy the excitement of present day adventures.","By Car
Zion National Park is located on State Route 9 in Springdale, Utah.

From Las Vegas, Nevada (163 miles), Mesquite, Nevada (80 miles), and Saint George, Utah (40 miles):

Interstate 15 North
Exit 16 - Right on State Route 9 East (33 miles)
Right to stay on State Route 9 East in La Verkin, Utah (20 miles)
Stay on State Route 9 East into Zion National Park, the Zion Canyon Visitor Center is ahead on the right.",ZION_park_information@nps.gov,,2994,37.2020727396,-112.988339067,http://www.nps.gov/zion/planyourvisit/maps.htm,435-772-3426,,,Zion National Park
Wolf Trap National Park for the Performing Arts,"{'TYPE': 'Point', 'COORDINATES': [-77.2665939331, 38.9378089905]}",,,,2016-10-11,,"No matter what your age or taste in shows, you'll find something you like onstage at Wolf Trap. From May through September, multiple amphitheaters in the park present performances such as musicals, dance, opera, jazz, and popular and country music.

A good time to explore the beauty  and history of the park without the crowds is October - April.","From the Capital Beltway I-495: Take exit 45 to Rt 267 West (Dulles Toll Rd), follow signs to local exits, pay a $2.50 toll, and exit at the Wolf Trap ramp. 

From I-66 Westbound: Take exit 67 to Rt 267 (Dulles Toll Rd), follow signs for local exits, pay a $2.50 toll, and exit at the Wolf Trap ramp. 

From I-66 Eastbound: Take I-495 North to exit 45 onto Rt 267 (Dulles Toll Rd). Follow signs for local exits, pay a $2.50 toll, and exit at the Wolf Trap ramp. 

From Rt 7 Westbound (toward Leesburg): Turn left on Towlston Rd and the park will be on the left in 1 mile.

From Rt 267 Eastbound: Take exit 16 onto Rt 7 West. Turn left on Towlston Rd and continue 1 mile and the park will be on the left.

From Rt 123 in Vienna: Take Rt 123 North towards Tysons Corner. Turn left onto Old Courthouse Rd then turn left to stay on Old Courthouse Rd. Follow Old Courthouse Rd and turn right onto Trap Road. Turn left at the stop sign to stay on Trap Rd. Drive past the Dulles Toll Rd and the park will be on the right.",will_rifenbark@nps.gov,,3134,38.9378089905,-77.2665939331,http://www.nps.gov/wotr/planyourvisit/maps.htm,703-255-1800,,,Wolf Trap National Park for the Performing Arts
Grand Teton National Park,"{'TYPE': 'Point', 'COORDINATES': [-110.714820862, 43.658708029]}",,,,2016-10-11,,"Rising above a scene rich with extraordinary wildlife, pristine lakes, and alpine terrain, the Teton Range stands monument to the people who fought to protect it. These are mountains of the imagination. Mountains that led to the creation of Grand Teton National Park where you can explore over two hundred miles of trails, float the Snake River or enjoy the serenity of this remarkable place.",,grte_info@nps.gov,,13525,43.658708029,-110.714820862,http://www.nps.gov/grte/planyourvisit/maps.htm,(307) 739-3300,,,Grand Teton National Park
Pinnacles National Park,,"[-121.155279949, 36.484516114]",Point,,2013-09-09,,"Rising out of the chaparral-covered Gabilan Mountains, east of central California&apos;s Salinas Valley, are the spectacular remains of an ancient volcanic field.  Massive monoliths, spires, sheer-walled canyons and talus passages define millions of years of erosion, faulting and tectonic plate movement.",http://www.nps.gov/pinn/planyourvisit/directions.htm,pinn_visitor_information@nps.gov,,13973,36.484516114,-121.155279949,http://www.nps.gov/pinn/planyourvisit/maps.htm,,,,Pinnacles National Park
